origin,founded_year,founded_year_source,founded_by,founded_by_source,founded_after,founded_after_source,court,court_source,health_secretariat,health_secretariat_source,university,university_source,non_university_hospital,non_university_hospital_source,curation_notes
Nacional,2019,"Oliveira (2025), p. 34",,,,,FALSE,"Oliveira (2025), p. 34",FALSE,"Oliveira (2025), p. 34",FALSE,"Oliveira (2025), p. 34",TRUE,"Oliveira (2025), p. 34","Partnership CNJ, Hospital Israelita Albert Einstein and Ministry of Health; started August 2019. The Ministry of Health is not a health secretariat."
SP,2018,"Oliveira (2025), p. 28, note 11",2018,"Oliveira (2025), p. 31",,,,,,,TRUE,"Oliveira (2025), p. 44 and note 18",TRUE,"Oliveira (2025), p. 44, note 18","The 2015 NAT of TJSP handled only private health plans and was discontinued; the standard NatJus dates from 2018. Partner institutions: HC-USP, USP dentistry school, HC Botucatu (Unesp), Hospital E. Jesus Zerbini, Ipen, SBN. Court and secretariat cells blank: the dissertation does not describe the core team."
RJ,2009,"Oliveira (2025), p. 19",2018,"Oliveira (2025), p. 31",,,FALSE,"Oliveira (2025), p. 25",TRUE,"Oliveira (2025), p. 19, 25",FALSE,"Oliveira (2025), p. 25",FALSE,"Oliveira (2025), p. 25","Created with TJRJ but staffed by SES/RJ career servants (""vinculação total"" to the secretariat, p. 25-27)."
MT,,,2011,"Oliveira (2025), p. 25",,,FALSE,"Oliveira (2025), p. 25",TRUE,"Oliveira (2025), p. 25",FALSE,"Oliveira (2025), p. 25",FALSE,"Oliveira (2025), p. 25",Existed in 2011 (criticism by the public defender that year); staffed by state health secretariat professionals. Also in the 2018 list on p. 31.
TO,2013,"Oliveira (2025), p. 24",2018,"Oliveira (2025), p. 31",,,,,TRUE,"Oliveira (2025), p. 24",,,,,"Partnership TJTO and SES/TO; the dissertation does not say who staffs it, so the other three affiliation cells are blank."
PR,2013,"Oliveira (2025), p. 27",2018,"Oliveira (2025), p. 31",,,TRUE,"Oliveira (2025), p. 27",TRUE,"Oliveira (2025), p. 27",FALSE,"Oliveira (2025), p. 27",FALSE,"Oliveira (2025), p. 27","Launched with physicians from TJPR, SES and private health plan operators; state NatJus linked to the TJPR medical department. This row is the state NatJus as the dissertation counts it (p. 44), distinct from PR/CAMS."
MG,,,2014,"Oliveira (2025), p. 27",,,FALSE,"Oliveira (2025), p. 27",TRUE,"Oliveira (2025), p. 27",TRUE,"Oliveira (2025), p. 27",FALSE,"Oliveira (2025), p. 27","Agreement HC-UFMG, SES/MG and TJMG: SES finances, HC-UFMG staff issue the notes; the NATS HC/UFMG issued notes from 2014 on. Also in the 2018 list on p. 31."
SC,,,2018,"Oliveira (2025), p. 31",,,,,TRUE,"Oliveira (2025), p. 27, 32",,,,,Linked to the state health secretariat; not moved into the court building (p. 26).
GO,,,2018,"Oliveira (2025), p. 31",,,,,TRUE,"Oliveira (2025), p. 27",,,,,
PE,,,2013,"Oliveira (2025), p. 31",,,,,TRUE,"Oliveira (2025), p. 27, 32",,,,,
PI,,,2013,"Oliveira (2025), p. 31",,,TRUE,"Oliveira (2025), p. 27",TRUE,"Oliveira (2025), p. 27",FALSE,"Oliveira (2025), p. 27",FALSE,"Oliveira (2025), p. 27",Partial detachment: SES staff plus the court's own health department and professional councils.
ES,,,2013,"Oliveira (2025), p. 31",,,,,,,,,,,
AP,,,2018,"Oliveira (2025), p. 31",2016,"Oliveira (2025), p. 31",,,,,,,,,
AC,,,2018,"Oliveira (2025), p. 31",2016,"Oliveira (2025), p. 31",,,,,,,,,
CE,,,2018,"Oliveira (2025), p. 31",2016,"Oliveira (2025), p. 31",,,,,,,,,
AM,,,,,,,,,TRUE,"Oliveira (2025), p. 44",,,,,Agreements with both the municipal (Manaus) and the state health secretariat; this label is the notes that named neither.
RS,,,,,,,,,,,,,,,"Notes that named ""NatJus RS"" without saying DMJ or TelessaúdeRS (p. 44); the dissertation could not attribute them, so no cell is filled."
DFT,,,,,,,,,,,,,,,
MS,,,,,,,,,,,,,,,
BA,,,,,,,,,,,,,,,
SE,,,,,,,,,,,,,,,
PB,,,,,,,,,,,,,,,
MA,,,,,,,,,,,,,,,
AL,,,,,,,,,,,,,,,
RN,,,,,,,,,,,,,,,
PA,,,,,,,,,,,,,,,
RR,,,,,,,,,,,,,,,
RO,,,,,,,,,,,,,,,
RS/DMJ,,"not found: searched tjrs.jus.br (e-NatJus page, DMJ page, Ato 006/2024-P) and cnj.jus.br",,,,,TRUE,"Oliveira (2025), p. 43; https://www.tjrs.jus.br/static/2025/08/Ato_6_2024_Natjus_TJRS.pdf, Ato 006/2024-P, art. 3 (accessed 2026-09-06)",FALSE,"Oliveira (2025), p. 43",FALSE,"Oliveira (2025), p. 43",FALSE,"Oliveira (2025), p. 43",Departamento Médico Judiciário of TJRS; Ato 006/2024-P says NatJus/TJRS is staffed by TJRS servants or by partners under agreements.
TelessaúdeRS-UFRGS,2019,https://www.trf4.jus.br/trf4/controlador.php?acao=noticia_visualizar&id_noticia=24988 (accessed 2026-09-06),,,,,FALSE,"Oliveira (2025), p. 43",FALSE,"Oliveira (2025), p. 43",TRUE,"Oliveira (2025), p. 43; https://www.trf4.jus.br/trf4/controlador.php?acao=noticia_visualizar&id_noticia=24988 (accessed 2026-09-06)",FALSE,"Oliveira (2025), p. 43",Programme of the Faculty of Medicine of UFRGS (epidemiology graduate programme); agreement with the Federal Court (JFRS) signed July 2019. founded_year is the year it started issuing notes for the judiciary.
PR/CAMS,,"not found: searched tjpr.jus.br (news of 2020-01-08 and 2020-09-11, Decreto Judiciário 422/2020)",,,,,TRUE,"Oliveira (2025), p. 44; https://www.tjpr.jus.br/noticias/-/asset_publisher/9jZB/content/nucleo-de-apoio-tecnico-do-tjpr-produziu-mais-de-3-mil-pareceres-em-2019/18319/pop_up (accessed 2026-09-06)",FALSE,"Oliveira (2025), p. 44",FALSE,"Oliveira (2025), p. 44",FALSE,"Oliveira (2025), p. 44","Centro de Assistência Médica e Social of TJPR: the court's own staff. The TJPR NAT-JUS dates from 2013, but no source dates CAMS as an issuer."
PR/CHR,,"not found: searched tjpr.jus.br (news of 2020-01-08 and 2020-09-11, Decreto Judiciário 422/2020)",,,,,FALSE,"Oliveira (2025), p. 44",TRUE,https://cht.saude.pr.gov.br/CHR (accessed 2026-09-06),FALSE,https://cht.saude.pr.gov.br/CHR (accessed 2026-09-06),TRUE,"Oliveira (2025), p. 44; https://cht.saude.pr.gov.br/CHR (accessed 2026-09-06)","Centro Hospitalar de Reabilitação, a state hospital of the Paraná health secretariat (Complexo Hospitalar do Trabalhador); not a teaching hospital. No official source ties it to the NAT-JUS other than the TJPR-SESA agreement."
PR/UEL,,"not found: searched tjpr.jus.br (news of 2020-01-08 and 2020-09-11, Decreto Judiciário 422/2020)",,,,,FALSE,"Oliveira (2025), p. 44",FALSE,"Oliveira (2025), p. 44",TRUE,"Oliveira (2025), p. 44; https://www.tjpr.jus.br/noticias/-/asset_publisher/9jZB/content/nucleo-de-apoio-tecnico-do-tjpr-produziu-mais-de-3-mil-pareceres-em-2019/18319/pop_up (accessed 2026-09-06)",FALSE,"Oliveira (2025), p. 44","Universidade Estadual de Londrina, under agreement with TJPR."
PR/CHC-UFPR,,"not found: searched tjpr.jus.br (news of 2020-01-08 and 2020-09-11, Decreto Judiciário 422/2020)",,,,,FALSE,"Oliveira (2025), p. 44",FALSE,"Oliveira (2025), p. 44",TRUE,"Oliveira (2025), p. 44; https://www.tjpr.jus.br/noticias/-/asset_publisher/9jZB/content/nucleo-de-apoio-tecnico-do-tjpr-produziu-mais-de-3-mil-pareceres-em-2019/18319/pop_up (accessed 2026-09-06)",FALSE,"Oliveira (2025), p. 44","Hospital de Clínicas of UFPR, under agreement with TJPR."
SP/HC,,not found: searched tjsp.jus.br/natjus and TJSP news 64771,,,,,FALSE,"Oliveira (2025), p. 44",FALSE,"Oliveira (2025), p. 44",TRUE,"Oliveira (2025), p. 44; https://www.tjsp.jus.br/Noticias/Noticia?codigoNoticia=64771 (accessed 2026-09-06)",FALSE,"Oliveira (2025), p. 44","Hospital das Clínicas of the USP medical school, partner of TJSP."
AM/SES,2018,https://www.tjam.jus.br/index.php/menu/sala-de-imprensa/7174-primeira-recomendacao-da-presidencia-do-tjam-orienta-magistrados-a-consultarem-o-natjus-am (accessed 2026-09-06),,,,,FALSE,"Oliveira (2025), p. 44",TRUE,"Oliveira (2025), p. 44; https://www.tjam.jus.br/index.php/menu/sala-de-imprensa/7174-primeira-recomendacao-da-presidencia-do-tjam-orienta-magistrados-a-consultarem-o-natjus-am (accessed 2026-09-06)",FALSE,"Oliveira (2025), p. 44",FALSE,"Oliveira (2025), p. 44","State health secretariat arm of NatJus/AM, instituted by TJAM Resolution 16/2018 with technical cooperation agreements with the state and municipal secretariats."
AM/SEMSA,2018,https://www.tjam.jus.br/index.php/menu/sala-de-imprensa/7174-primeira-recomendacao-da-presidencia-do-tjam-orienta-magistrados-a-consultarem-o-natjus-am (accessed 2026-09-06),,,,,FALSE,"Oliveira (2025), p. 44",TRUE,"Oliveira (2025), p. 44; https://www.tjam.jus.br/index.php/menu/sala-de-imprensa/7174-primeira-recomendacao-da-presidencia-do-tjam-orienta-magistrados-a-consultarem-o-natjus-am (accessed 2026-09-06)",FALSE,"Oliveira (2025), p. 44",FALSE,"Oliveira (2025), p. 44",Municipal (Manaus) health secretariat arm of NatJus/AM; same resolution as AM/SES.
