origin,notes_base,notes_medicines,notes_sex_missing,notes_sample,first_month,last_month,favourable,rate,wilson_low,wilson_high,inclusion
Nacional,261357,171760,9,169660,2019-08-01,2026-08-01,47087,0.27753742779677,0.27541176074508517,0.27967316866032804,in sample
SP,28308,17288,0,17288,2019-12-01,2026-08-01,4636,0.26816288755205925,0.26161130096740176,0.2748174814101409,in sample
RS/DMJ,18212,13016,0,13012,2020-07-01,2026-08-01,4846,0.3724254534276053,0.36415754834908104,0.3807686624914734,in sample
TelessaúdeRS-UFRGS,16843,11577,0,11421,2019-10-01,2026-08-01,1760,0.1541020926363716,0.14759694425286726,0.16083984863584874,in sample
MT,37521,9574,2,9572,2020-07-01,2026-08-01,952,0.09945674885081487,0.09362110839084697,0.10561375436508394,in sample
BA,32979,8539,1260,8539,2019-05-01,2026-08-01,6609,0.7739782175898817,0.7649849216407563,0.7827251140135771,in sample
MS,16460,6889,0,6888,2020-07-01,2026-08-01,2252,0.32694541231126595,0.31596646466325184,0.33811727852141193,in sample
PR,11269,6327,0,6327,2020-05-01,2026-08-01,2646,0.4182076813655761,0.40610662035556266,0.4304080030586842,in sample
DFT,4494,3743,0,3743,2020-07-01,2026-08-01,2238,0.5979161100721346,0.5821156084561324,0.6135158342018948,in sample
PE,4151,3356,0,3325,2021-04-01,2026-08-01,1423,0.42796992481203006,0.4112447813770443,0.44486131261227563,in sample
ES,12719,3209,0,3209,2021-08-01,2026-08-01,395,0.12309130570271112,0.11217260633643483,0.1349113126790032,in sample
SE,5567,2544,0,2544,2020-11-01,2026-08-01,1600,0.6289308176100629,0.609977234253966,0.6474956150588946,in sample
PB,5349,2489,0,2489,2023-09-01,2026-08-01,1405,0.564483728404982,0.5449202592021611,0.5838484592673472,in sample
MA,5873,2388,0,2387,2020-09-01,2026-08-01,1353,0.5668202764976958,0.5468503275317751,0.5865754999412645,in sample
CE,3426,2300,0,2300,2023-10-01,2026-08-01,1078,0.46869565217391307,0.4483708437236856,0.4891248552756234,in sample
AL,9191,2181,0,2181,2022-02-01,2026-08-01,1377,0.6313617606602476,0.6109003360369382,0.6513612563027124,in sample
RN,2562,1447,0,1446,2019-05-01,2026-08-01,606,0.4190871369294606,0.3939028518179395,0.4447001908965815,in sample
SC,1628,1487,0,1430,2020-09-01,2026-08-01,401,0.2804195804195804,0.25774944029050567,0.30426629294368507,in sample
GO,2375,1429,0,1429,2021-06-01,2025-12-01,935,0.6543037088873338,0.6292609873257705,0.6785190516207343,in sample
TO,3354,782,0,774,2019-09-01,2026-07-01,183,0.2364341085271318,0.20784801509908302,0.26762350242766403,in sample
PR/CAMS,1018,771,0,771,2020-05-01,2025-09-01,299,0.38780804150453957,0.3540518710510026,0.4226766480149425,in sample
AM/SES,905,739,0,739,2021-05-01,2026-08-01,420,0.5683355886332883,0.5323619559805356,0.6036024531147021,in sample
PA,1363,702,0,695,2020-08-01,2026-08-01,376,0.5410071942446043,0.5038354521604631,0.5777281117645914,in sample
RR,1889,495,0,495,2020-08-01,2026-07-01,360,0.7272727272727273,0.6864011182313462,0.7646439904328778,in sample
AC,750,386,0,384,2019-11-01,2026-07-01,139,0.3619791666666667,0.3154989136182297,0.4111935335422332,in sample
PR/UEL,214,204,0,204,2023-09-01,2026-08-01,184,0.9019607843137255,0.853427125721232,0.9356358501188462,in sample
PR/CHR,209,162,0,159,2019-05-01,2020-11-01,83,0.5220125786163522,0.4447705297128774,0.598216066272533,in sample
SP/HC,155,145,0,145,2023-09-01,2026-02-01,37,0.25517241379310346,0.1911691856457023,0.33181318390005676,in sample
PI,263,121,0,120,2021-09-01,2026-07-01,66,0.55,0.46081543419687576,0.6360826491612539,in sample
RJ,10936,5613,0,0,,,0,,,,RJ: non-decisional opinions
RS,186,88,0,0,,,0,,,,below floor of 100
AM/SEMSA,121,82,0,0,,,0,,,,below floor of 100
PR/CHC-UFPR,64,64,0,0,,,0,,,,below floor of 100
MG,63,40,0,0,,,0,,,,below floor of 100
AP,20,9,0,0,,,0,,,,below floor of 100
AM,9,6,0,0,,,0,,,,below floor of 100
RO,1,1,0,0,,,0,,,,below floor of 100
